{
  "info": {
    "english": {
      "name": "Archetopia",
      "blurb": "Known for its Clover island"
    },
    "español": {
      "name": "Arquetopia",
      "blurb": "Reconocida por su isla Trébol"
    },
    "name": "archetopia",
    "max": 4,
    "creator": "Lenino"
  },
  "TILE_HEX_CASTLE": {
    "x": 0,
    "y": 0,
    "r": 0
  },
  "TILE_HEX_CLUBS_KING": {
    "x": 1577.6609997715339,
    "y": -595.0989722404662,
    "r": 0
  },
  "TILE_RHOMBUS_HEARTS": {
    "x": -229.77206805500475,
    "y": -198.47689603142473,
    "r": 0
  },
  "TILE_RHOMBUS_CLUBS_2": {
    "x": -56.50000000000125,
    "y": 293.3608706276299,
    "r": 1.0471975511965976
  },
  "TILE_RHOMBUS_HEARTS_1": {
    "x": -226.50000000000796,
    "y": 194.63397459620964,
    "r": 0
  },
  "TILE_RHOMBUS_SPADES_1": {
    "x": 226.6739918436486,
    "y": 196.11087062763826,
    "r": 0
  },
  "TILE_RHOMBUS_CLUBS": {
    "x": 112.17399184364427,
    "y": 394.4306880942639,
    "r": 0
  },
  "TILE_RHOMBUS_CLUBS_1": {
    "x": -58.326008156359194,
    "y": 492.2915587219011,
    "r": -1.0471975511965976
  },
  "TILE_RHOMBUS_HEARTS_2": {
    "x": -340.5000000000081,
    "y": -2.819817466639961,
    "r": 0
  },
  "TILE_RHOMBUS_DIAMONDS_1": {
    "x": 57.00000000000159,
    "y": -298.2268960314259,
    "r": 1.0471975511965976
  },
  "TILE_RHOMBUS_DIAMONDS_2": {
    "x": -114.00000000000512,
    "y": -396.9537920628526,
    "r": 0
  },
  "TILE_RHOMBUS_SPADES_2": {
    "x": 228.04001724743017,
    "y": -197.47689603142462,
    "r": 0
  },
  "TILE_RHOMBUS_SPADES": {
    "x": 341.1739918436473,
    "y": -2.2089468389974627,
    "r": 0
  },
  "TILE_RHOMBUS_DIAMONDS": {
    "x": 56.50000000000159,
    "y": -496.5467134980603,
    "r": -1.0471975511965976
  },
  "TILE_HEX_DIAMONDS_JACK": {
    "x": -342.40604265121794,
    "y": -594.0646626904908,
    "r": 0
  },
  "TILE_HEX_DIAMONDS_QUEEN": {
    "x": 339.80796643986025,
    "y": -594.2967134980596,
    "r": 0
  },
  "TILE_TRIANGLE_BEND": {
    "x": 1577.6609997715339,
    "y": -328.0989722404572,
    "r": -2.0943951023931953
  },
  "TILE_HEX_CLUBS_JACK": {
    "x": 1805.4256809668357,
    "y": -196.5989722404532,
    "r": 0
  },
  "TILE_TRIANGLE_FORK": {
    "x": 1578.527025175318,
    "y": -65.59897224045412,
    "r": 3.141592653589793
  },
  "TILE_TRIANGLE_FORK_1": {
    "x": 342.996732002883,
    "y": 329.0877666590548,
    "r": 3.141592653589793
  },
  "TILE_TRIANGLE_BEND_2": {
    "x": 343.99673200288015,
    "y": -330.8198174666361,
    "r": 0
  },
  "TILE_HEX_SPADES_JACK": {
    "x": 341.0800344948573,
    "y": 592.407584125692,
    "r": 3.141592653589793
  },
  "TILE_HEX_SPADES_QUEEN": {
    "x": 573.359489409541,
    "y": 196.08776665906075,
    "r": 2.0943951023931953
  },
  "TILE_HEX_SPADES_KING": {
    "x": 575.2255148133225,
    "y": -197.3198174666355,
    "r": 2.0943951023931953
  },
  "TILE_HEX_HEARTS_JACK": {
    "x": -343.23205080757134,
    "y": 591.541558721904,
    "r": 0
  },
  "TILE_TRIANGLE_BEND_1": {
    "x": -345.2287828104493,
    "y": -330.95379206285133,
    "r": 4.1887902047863905
  },
  "TILE_HEX_DIAMONDS_KING": {
    "x": -0.9999999999990905,
    "y": -794.6396349332755,
    "r": 0
  },
  "TILE_HEX_CLUBS_QUEEN": {
    "x": 1345.566191557299,
    "y": -200.09897224045412,
    "r": 0
  },
  "TILE_HEX_HEARTS_QUEEN": {
    "x": -569.9060426512174,
    "y": 196.02310396857044,
    "r": 1.0471975511965976
  },
  "TILE_TRIANGLE_CAVE_2": {
    "x": 1578.527025175318,
    "y": 69.40102775954485,
    "r": 0
  },
  "TILE_TRIANGLE_FORK_3": {
    "x": -339.5432852445573,
    "y": 329.0231039685687,
    "r": 3.141592653589793
  },
  "TILE_TRIANGLE_BEND_3": {
    "x": 571.9027746540894,
    "y": -460.2967134980596,
    "r": 3.141592653589793
  },
  "TILE_HEX_HEARTS_KING": {
    "x": -569.4060426512192,
    "y": -200.7967134980657,
    "r": -1.0471975511965976
  },
  "TILE_TRIANGLE_CAVE": {
    "x": 5,
    "y": -1058.6396349332705,
    "r": 3.141592653589793
  },
  "TILE_TRIANGLE_CAVE_1": {
    "x": 341.0800344948574,
    "y": 859.4075841256939,
    "r": 0
  },
  "TILE_TRIANGLE_FORK_2": {
    "x": -569.4060426512192,
    "y": -465.7967134980652,
    "r": 3.141592653589793
  },
  "TILE_TRIANGLE_CAVE_3": {
    "x": -343.2320508075712,
    "y": 854.5415587219042,
    "r": 0
  }
}