{
  "info": {
    "english": {
      "name": "Prototopia",
      "blurb": "With its golden mountains and crown"
    },
    "español": {
      "name": "Prototopia",
      "blurb": "Con sus montañas y corona dorada"
    },
    "name": "protopia",
    "max": 3,
    "creator": "Lenino"
  },
  "TILE_HEX_CASTLE": {
    "x": 0,
    "y": 0,
    "r": 0
  },
  "TILE_RHOMBUS_SPADES": {
    "x": 228.04001724742918,
    "y": -197.47689603142797,
    "r": 0
  },
  "TILE_RHOMBUS_HEARTS_2": {
    "x": -229.7720680549968,
    "y": -198.47689603142774,
    "r": 0
  },
  "TILE_RHOMBUS_DIAMONDS_1": {
    "x": 56.99999999999966,
    "y": -298.2268960314277,
    "r": 1.0471975511965976
  },
  "TILE_RHOMBUS_HEARTS_1": {
    "x": -228.90604265121226,
    "y": 197.9768960314274,
    "r": 0
  },
  "TILE_RHOMBUS_DIAMONDS": {
    "x": -114.00000000000057,
    "y": -396.95379206285384,
    "r": 0
  },
  "TILE_RHOMBUS_DIAMONDS_2": {
    "x": 56.4999999999996,
    "y": -496.54671349806483,
    "r": -1.0471975511965976
  },
  "TILE_RHOMBUS_HEARTS": {
    "x": -342.90604265121215,
    "y": 0.52310396857456,
    "r": 0
  },
  "TILE_RHOMBUS_SPADES_1": {
    "x": 226.67399184364464,
    "y": 196.11087062764253,
    "r": 0
  },
  "TILE_RHOMBUS_SPADES_2": {
    "x": 341.1739918436441,
    "y": -2.2089468389956437,
    "r": 0
  },
  "TILE_HEX_DIAMONDS_QUEEN": {
    "x": 339.80796643985946,
    "y": -594.2967134980623,
    "r": 0
  },
  "TILE_TRIANGLE_FORK_2": {
    "x": -344.8627574066618,
    "y": 331.3198174666363,
    "r": 3.141592653589793
  },
  "TILE_TRIANGLE_FORK_1": {
    "x": 342.9967320028784,
    "y": 329.0877666590669,
    "r": 3.141592653589793
  },
  "TILE_HEX_DIAMONDS_JACK": {
    "x": -342.40604265121203,
    "y": -594.0646626904926,
    "r": 0
  },
  "TILE_HEX_DIAMONDS_KING": {
    "x": -1.0000000000004547,
    "y": -794.6396349332705,
    "r": 0
  },
  "TILE_TRIANGLE_BEND_1": {
    "x": -345.22878281044643,
    "y": -330.95379206285395,
    "r": 4.1887902047863905
  },
  "TILE_HEX_HEARTS_JACK": {
    "x": -344.8627574066617,
    "y": 598.3198174666411,
    "r": 0
  },
  "TILE_HEX_SPADES_JACK": {
    "x": 342.9967320028785,
    "y": 592.0877666590716,
    "r": 3.141592653589793
  },
  "TILE_HEX_SPADES_QUEEN": {
    "x": 573.3594894095386,
    "y": 196.08776665906865,
    "r": 2.0943951023931953
  },
  "TILE_TRIANGLE_BEND": {
    "x": 343.9967320028776,
    "y": -330.8198174666385,
    "r": 0
  },
  "TILE_HEX_SPADES_KING": {
    "x": 575.2255148133229,
    "y": -197.3198174666384,
    "r": 2.0943951023931953
  },
  "TILE_HEX_HEARTS_KING": {
    "x": -571.8120853024224,
    "y": -197.4537920628516,
    "r": -1.0471975511965976
  },
  "TILE_TRIANGLE_FORK": {
    "x": -571.8120853024224,
    "y": -462.45379206285236,
    "r": 3.141592653589793
  },
  "TILE_TRIANGLE_BEND_2": {
    "x": 571.9027746540894,
    "y": -460.29671349806347,
    "r": 3.141592653589793
  },
  "TILE_HEX_HEARTS_QUEEN": {
    "x": -572.3120853024233,
    "y": 199.36602540378576,
    "r": 1.0471975511965976
  },
  "TILE_TRIANGLE_CAVE": {
    "x": 5,
    "y": -1058.6396349332705,
    "r": 3.141592653589793
  },
  "TILE_TRIANGLE_CAVE_1": {
    "x": 342.9967320028786,
    "y": 859.0877666590712,
    "r": 0
  },
  "TILE_TRIANGLE_CAVE_2": {
    "x": -344.8627574066617,
    "y": 861.319817466641,
    "r": 0
  }
}