{
  "info": {
    "english": {
      "name": "Stereotopia",
      "blurb": "The arrowed-hearts island"
    },
    "español": {
      "name": "Estereotopia",
      "blurb": "La isla de corazones flechados"
    },
    "name": "stereotopia",
    "max": 2,
    "creator": "Lenino"
  },
  "TILE_HEX_CASTLE": {
    "x": 0,
    "y": 0,
    "r": 0
  },
  "TILE_RHOMBUS_HEARTS_1": {
    "x": -229.7720680549951,
    "y": -198.47689603142544,
    "r": 0
  },
  "TILE_RHOMBUS_HEARTS": {
    "x": -228.90604265121033,
    "y": 197.97689603142584,
    "r": 0
  },
  "TILE_RHOMBUS_SPADES": {
    "x": 228.04001724742676,
    "y": -197.47689603142544,
    "r": 0
  },
  "TILE_RHOMBUS_SPADES_2": {
    "x": 226.67399184364245,
    "y": 196.11087062764142,
    "r": 0
  },
  "TILE_RHOMBUS_HEARTS_2": {
    "x": -342.90604265121067,
    "y": 0.5231039685735368,
    "r": 0
  },
  "TILE_RHOMBUS_SPADES_1": {
    "x": 341.17399184364257,
    "y": -2.208946838995871,
    "r": 0
  },
  "TILE_TRIANGLE_FORK_1": {
    "x": 342.9967320028771,
    "y": 329.08776665906873,
    "r": 3.141592653589793
  },
  "TILE_TRIANGLE_BEND": {
    "x": 343.9967320028771,
    "y": -330.8198174666354,
    "r": 0
  },
  "TILE_TRIANGLE_BEND_1": {
    "x": -345.22878281044484,
    "y": -330.9537920628511,
    "r": 4.1887902047863905
  },
  "TILE_TRIANGLE_FORK": {
    "x": -344.8627574066602,
    "y": 331.31981746663655,
    "r": 3.141592653589793
  },
  "TILE_HEX_HEARTS_KING": {
    "x": -571.8120853024217,
    "y": -197.45379206285224,
    "r": -1.0471975511965976
  },
  "TILE_HEX_HEARTS_JACK": {
    "x": -344.8627574066601,
    "y": 598.3198174666364,
    "r": 0
  },
  "TILE_HEX_SPADES_KING": {
    "x": 575.2255148133218,
    "y": -197.31981746663587,
    "r": 2.0943951023931957
  },
  "TILE_HEX_SPADES_QUEEN": {
    "x": 573.3594894095372,
    "y": 196.0877666590688,
    "r": 2.0943951023931953
  },
  "TILE_HEX_HEARTS_QUEEN": {
    "x": -575.2255148133213,
    "y": 198.31981746663666,
    "r": 1.0471975511965976
  },
  "TILE_HEX_SPADES_JACK": {
    "x": 342.9967320028772,
    "y": 592.0877666590686,
    "r": 3.141592653589793
  },
  "TILE_TRIANGLE_CAVE": {
    "x": 342.9967320028773,
    "y": 859.0877666590687,
    "r": 0
  },
  "TILE_TRIANGLE_CAVE_1": {
    "x": -344.86275740665997,
    "y": 861.3198174666364,
    "r": 0
  }
}